imu_ax (m/s^2), imu_ay (m/s^2), kf_ax (m/s^2), kf_ay (m/s^2), odom_v (m/s), odom_w (rad/s), kf_vx (m/s), kf_w (rad/s), odom_x (m), odom_y (m), kf_x (m), kf_y (m), odom_th (rad), kf_th (rad), stamp, 
0.0006921291351318359, 0.017869293689727783, 6.466438603007233e-05, -1.0112458823793964e-16, 0.0, -1.7247623329552653e-09, 5.9194787651109895e-08, -1.708336025022358e-09, -1.5629975678166375e-05, 1.800065911083948e-05, -5.919478765110978e-07, 0.0, -0.00017999201717025057, -1.6426307932907288e-10, 1700253331658757506, 
0.00641632080078125, 0.0026889443397521973, 0.0005520528546006373, -9.413442462314388e-12, 0.0, -1.2686186892096885e-06, 8.904706459746413e-06, -1.0571311367609599e-06, -1.5629975678166375e-05, 1.800065911083948e-05, -6.520209595029866e-06, 1.7702349994190208e-17, -0.00017999207704003214, -4.142407594712354e-08, 1700253331688822150, 
-0.005800127983093262, -0.0014302730560302734, 5.707404761478294e-05, -7.930389355109992e-13, 0.0, -3.761392974865885e-07, 1.6089356614165797e-06, -4.928966114237109e-07, -1.5629975678166375e-05, 1.800065911083948e-05, -1.0300570683236888e-06, 3.311504265232733e-15, -0.00017999218150245534, -1.3362525756909067e-07, 1700253331755751642, 
0.026672303676605225, 0.0013170838356018066, 0.0015688089867432653, -7.850381195789917e-12, 0.0, -2.1376472147949244e-07, 3.000298884341183e-05, -2.6165330516775275e-07, -1.5629975678166375e-05, 1.800065911083948e-05, -1.782532747486574e-05, -1.7559670748925175e-14, -0.00017999217472545299, -1.7799662576738508e-07, 1700253331849071475, 
-0.11917054653167725, 0.09332925081253052, -0.004840796831918079, 2.9742102066028235e-08, -2.7682567050281764e-05, -0.0003193631418980658, -0.00011239904381874936, -0.00026461170002468415, -1.7017046047840267e-05, 1.959838300535921e-05, 4.857142836789057e-05, -2.8715897286196868e-12, -0.00019596641668321089, -5.704371536087769e-06, 1700253331948881436, 
-0.07465678453445435, -0.06671959161758423, 0.05726096713482798, 0.018411328918629486, 0.07310593885048373, 0.3600146472454071, 0.06174144082984531, 0.29820050635633366, 0.005722470581531525, 0.0002725183730944991, 0.0006299304091618184, -1.742836920943821e-08, 0.030340956725615213, 0.006154159078169513, 1700253332058760266, 
0.3592449426651001, 0.0512465238571167, 0.12847812394570346, 0.07021355990412527, 0.13741343642022738, 0.6064093708992004, 0.12684712763253272, 0.5535289699860533, 0.01757090538740158, 0.0008713071001693606, 0.0073011458966220745, 4.979053852512302e-05, 0.08440266862307927, 0.04126295597149191, 1700253332154739460, 
-0.3534403443336487, -0.34559935331344604, 0.13928436357065926, 0.11354235775740755, 0.1798243994788061, 0.6776933670043945, 0.17299258187221728, 0.6563423502244551, 0.033137958496809006, 0.0027142176404595375, 0.020536248585545685, 0.0006021670330141827, 0.14627821489143175, 0.09874522331846915, 1700253332248833566, 
-0.4201684594154358, 0.5348259210586548, 0.08486429629264715, 0.09604097021052493, 0.14423617739229833, 0.6331165432929993, 0.15073183450735295, 0.6371644750720519, 0.06517168134450912, 0.008721521124243736, 0.037477989909599496, 0.002241902849860346, 0.2819620934464623, 0.16398231186602186, 1700253332458747896, 
-0.029004275798797607, -0.026070356369018555, 0.07381567983397669, 0.1028373677369777, 0.1502089741316453, 0.6875969767570496, 0.1514702058797467, 0.678928025083831, 0.0784333273768425, 0.012816461734473705, 0.052279226831848935, 0.004681761530167849, 0.3477336832621237, 0.22856370542471385, 1700253332554777257, 
0.0017445087432861328, 0.26280075311660767, 0.061029127734101934, 0.09375245728362121, 0.1444753834870674, 0.6303656101226807, 0.14678203280318303, 0.6387188914962905, 0.0912894755601883, 0.017773635685443878, 0.06688710455944048, 0.008059110406499212, 0.4075530701110375, 0.29562378633583974, 1700253332648782336, 
0.2984752058982849, 0.3056578040122986, 0.07229247514403352, 0.10089612590976244, 0.15611075217600953, 0.6490289568901062, 0.15587590871762963, 0.647284925167856, 0.09850498288869858, 0.0207374170422554, 0.08091334923137501, 0.012351466424657507, 0.43997950770425837, 0.3596730757460028, 1700253332698742388, 
0.05226469039916992, 0.16742593050003052, 0.0641226322572617, 0.08480044255039247, 0.15205707195081739, 0.5313511490821838, 0.15383216265724006, 0.5512530090299772, 0.11997529864311218, 0.03165622800588608, 0.09538030693464551, 0.01776854138909522, 0.5291536192506672, 0.42241273411782115, 1700253332858754313, 
-0.379109263420105, -0.2923683524131775, 0.02858838438579127, 0.06470247653667816, 0.13153661933302824, 0.46181657910346985, 0.1356115639285701, 0.47711621828031214, 0.1311507225036621, 0.03802383691072464, 0.10915786609468706, 0.023878016171581532, 0.5742365572980106, 0.4760026828903162, 1700253332954099099, 
0.45549750328063965, 0.12270212173461914, 0.03996402526837896, 0.0608644809034202, 0.13213614079114958, 0.4517449140548706, 0.13344403572391755, 0.4561049174902261, 0.14098508656024933, 0.04469042643904686, 0.12106349772009847, 0.030040546210755484, 0.6170762736744811, 0.5232791641707057, 1700253333047875943, 
0.3683925271034241, 0.1775038242340088, 0.05363495271855717, 0.06223506080984224, 0.140157314187524, 0.44217732548713684, 0.13998629857213932, 0.4445796584711508, 0.14679968357086182, 0.04881386086344719, 0.13260163105246955, 0.036728420344232966, 0.6395667788572612, 0.5686509623619125, 1700253333098735250, 
-0.5692307949066162, -0.06201791763305664, 0.009859353776916678, 0.03558974799148725, 0.11241058736566117, 0.2745385766029358, 0.11718634646387273, 0.3037021723555413, 0.16299904882907867, 0.06215561926364899, 0.1441172825691076, 0.04397358656602237, 0.6961356571183457, 0.6101913308444924, 1700253333258758948, 
-0.0171811580657959, -0.169269859790802, 0.0037341608470344064, 0.024330383535517884, 0.11024252486488535, 0.20068715512752533, 0.111431915556802, 0.21834304304959706, 0.17053857445716858, 0.06886540353298187, 0.15363738465342294, 0.05060999020004002, 0.7166010804520494, 0.6387937383766467, 1700253333354865805, 
0.0547063946723938, -0.30106061697006226, -0.0027152980801270063, 0.015104140177894017, 0.09902269650592763, 0.13529153168201447, 0.10102304260224987, 0.1495118320417488, 0.17730166018009186, 0.07478289306163788, 0.16243513377977767, 0.0571240973324179, 0.7309166350834734, 0.6592025265944915, 1700253333448849388, 
0.002290785312652588, 0.1295151710510254, -0.0010748973683035391, 0.012171716283673077, 0.10301586960361678, 0.11212103068828583, 0.10267495939797248, 0.11854610272106357, 0.1812295913696289, 0.07810132950544357, 0.17044646068050973, 0.06333347244859919, 0.7365082696933606, 0.6735123948529115, 1700253333498743099, 
-0.02919083833694458, 0.429603636264801, 0.004625918505906591, 0.01878519602055855, 0.11299411468654999, 0.17902395129203796, 0.11136418794081687, 0.16868255736342916, 0.18921372294425964, 0.08541594445705414, 0.17859027212163375, 0.06984737141907417, 0.7525902023322928, 0.6864053535503595, 1700253333595021355, 
-0.20675480365753174, 0.42416059970855713, -0.018410554192723555, 0.012721788648578843, 0.08736759922042493, 0.13345851004123688, 0.0911694577681434, 0.1395400275488324, 0.20016154646873474, 0.0964178666472435, 0.1869561012999406, 0.07665544683242985, 0.7767698592866707, 0.7026700556578307, 1700253333755779915, 
0.2046632170677185, -0.12071776390075684, -0.014277063163582942, 0.009198563206872153, 0.08346692430787428, 0.10247999429702759, 0.08452331711095748, 0.10882870574987957, 0.2051156908273697, 0.10183673352003098, 0.1938270003580549, 0.08247891525036037, 0.7865056061730581, 0.7159880144553968, 1700253333847974919, 
0.03287762403488159, 0.06458085775375366, -0.00628313190850136, 0.008924701208286569, 0.09304070672215105, 0.09519647806882858, 0.09149852555811784, 0.09753928988306808, 0.20839297771453857, 0.10523945838212967, 0.20030973309903216, 0.08813166540895959, 0.791335024962371, 0.7266370740499103, 1700253333898744051, 
-0.07727187871932983, 0.3942597508430481, -0.004921269261258896, 0.01125120002739004, 0.09691323103874423, 0.12132372707128525, 0.09594106303777501, 0.11727199669405464, 0.21904699504375458, 0.11677902936935425, 0.2072212860495641, 0.09427873263404651, 0.812127988036856, 0.7367996774000481, 1700253334058201430, 
-0.28451091051101685, 0.48341214656829834, -0.01855594131767833, 0.013022323298773664, 0.08943089554641133, 0.14983414113521576, 0.09025434133322216, 0.14428473031224942, 0.22540660202503204, 0.12315476685762405, 0.2142838304572002, 0.10066913153977114, 0.825745531278012, 0.7490863250738885, 1700253334155780432, 
0.06411176919937134, -0.144464373588562, -0.01929936229348431, 0.014089120112248098, 0.08266407988878813, 0.17354893684387207, 0.08360695688527903, 0.16851612158998241, 0.23026296496391296, 0.12883783876895905, 0.22082295772960023, 0.10674981549594131, 0.8392772045680323, 0.7640166436281515, 1700253334247907870, 
0.1053396463394165, 0.09191513061523438, -0.014448415504283853, 0.015306383494127636, 0.08239712008875673, 0.1893954575061798, 0.08237279498719514, 0.18581843066642348, 0.23294174671173096, 0.13206243515014648, 0.22685799148760633, 0.11253864259695956, 0.848903572504531, 0.7812265959274727, 1700253334298747698, 
-0.023467540740966797, 0.251920223236084, -0.0069670712735689245, 0.012946090120897771, 0.09318366512005001, 0.13271492719650269, 0.09127098976254307, 0.14184233297545273, 0.242688849568367, 0.1434541493654251, 0.23284064685022335, 0.11847793285012119, 0.873804840736896, 0.798897667772188, 1700253334458767675, 
0.01943916082382202, -0.12306302785873413, -0.004631133395590904, 0.015847788936126955, 0.09281423215447336, 0.17753835022449493, 0.09245902470200631, 0.17140337557316962, 0.24802574515342712, 0.1503809243440628, 0.23922761439053844, 0.12504383529417082, 0.888884032862957, 0.8136941263500682, 1700253334554987834, 
-0.11037558317184448, 0.0257260799407959, -0.016163362600979884, 0.011216140146945577, 0.07966199962172235, 0.13051365315914154, 0.08155391500588564, 0.13753037050564798, 0.2524838149547577, 0.1565559059381485, 0.24545701051996133, 0.13162244254214547, 0.9024447941074858, 0.8301329376548353, 1700253334649780104, 
0.16605740785598755, 0.12451863288879395, -0.005191154532553281, 0.012840973606542856, 0.08712944073482902, 0.15150046348571777, 0.08611680842891088, 0.14911111826842763, 0.2551215887069702, 0.15991827845573425, 0.25102232706607325, 0.13772051573751742, 0.9098742378803022, 0.8441258169916402, 1700253334698828480, 
0.1038515567779541, -0.17593222856521606, -0.0032270680380286124, 0.013391947126187208, 0.0826757472688483, 0.16346725821495056, 0.08318464039237777, 0.1609906235456217, 0.2625918388366699, 0.1712087243795395, 0.25670673635265506, 0.14411750905827583, 0.9332476681457063, 0.8592829605474231, 1700253334858784206, 
-0.2984429597854614, 0.002177596092224121, -0.018045368669401138, 0.00925763885237605, 0.07584935645812453, 0.11221477389335632, 0.07677404387750414, 0.12058292601008434, 0.26663312315940857, 0.17755082249641418, 0.2620869950259329, 0.15034280799679778, 0.945285002674824, 0.8745451580133883, 1700253334955785552, 
0.3101555109024048, -0.09399956464767456, -0.0072411668879489195, 0.005588729198698231, 0.07382867156577765, 0.06594399362802505, 0.07420745482085299, 0.07531223395533768, 0.2707318067550659, 0.18296262621879578, 0.26698172702438533, 0.1562051124785598, 0.9524222676616113, 0.8856658701097405, 1700253335048792301, 
0.025230467319488525, -0.30627554655075073, -0.0030783206828408393, 0.0026522958468862697, 0.07827818094324204, 0.025726454332470894, 0.07751843275281436, 0.03421503444662942, 0.2728630304336548, 0.1862526535987854, 0.2717230787325169, 0.1620084440724233, 0.9537099123297116, 0.8923459465382992, 1700253335098822618, 
-0.11214721202850342, 0.16941219568252563, -0.010744579080777899, 0.00352174292348689, 0.07115103818345739, 0.05190486088395119, 0.072048141356488, 0.04888041325121226, 0.2787564992904663, 0.19545701146125793, 0.27653497513223313, 0.16797278812453034, 0.9624783848785263, 0.8960711787518011, 1700253335239789707, 
-0.03560924530029297, 0.45351642370224, -0.011278622511723345, 0.005524443433949464, 0.07148820435299842, 0.08322983235120773, 0.07140924752960025, 0.07736313747963099, 0.2838353216648102, 0.20222382247447968, 0.28104148592537787, 0.17360720299755858, 0.970701436699599, 0.9015491135821847, 1700253335355785523, 
0.19059324264526367, -0.31693845987319946, -0.0021680398662622877, 0.0035906576807103402, 0.07349213937863416, 0.04330167546868324, 0.07308968328966269, 0.04912673744227564, 0.28722336888313293, 0.2077583521604538, 0.2854926678277993, 0.1792385433671028, 0.9748308592528608, 0.9087006351172889, 1700253335447895281, 
0.01355433464050293, -0.13420742750167847, -0.001562900645896416, 0.002917857772824684, 0.07296286016952093, 0.03811555728316307, 0.07295287238947024, 0.03999647549512851, 0.2894423007965088, 0.21073761582374573, 0.2899862467716758, 0.18500335417275113, 0.97677280093064, 0.9134242157853893, 1700253335498759044, 
-0.06457638740539551, 0.10781693458557129, -0.0021627960532162004, 0.0017416693781777193, 0.075341698499817, 0.01977730542421341, 0.07490156320716619, 0.02325277742682793, 0.29517224431037903, 0.2195519208908081, 0.29447165183773294, 0.19081308264875008, 0.9806673827429734, 0.9170770914086159, 1700253335639774450, 
-0.13379889726638794, 0.08803719282150269, -0.015178064044157833, 0.002955548701796604, 0.0614317063226315, 0.05140327289700508, 0.06345283322139403, 0.04657867193233696, 0.2991963028907776, 0.2259310632944107, 0.2989068956213655, 0.19659715393827426, 0.9859355732718348, 0.91988546232464, 1700253335754884142, 
0.03439289331436157, -0.017232418060302734, -0.012630397488777477, 0.001502322429085984, 0.06320891778256668, 0.01912245899438858, 0.06303745423408802, 0.02383221923123905, 0.302428662776947, 0.2308458685874939, 0.3027618058704585, 0.20165856522094242, 0.9879641633687821, 0.9240722373098322, 1700253335849492204, 
0.2150207757949829, 0.13449037075042725, -0.0019403598556074937, 0.002857460177393412, 0.06602255221193008, 0.047720108181238174, 0.06549531207643801, 0.04362846876824617, 0.30426543951034546, 0.23361344635486603, 0.3065894911088726, 0.20673333335039187, 0.9903641610481241, 0.9268654515113233, 1700253335899802556, 
-0.13413327932357788, 0.16865378618240356, -0.0026432354886736613, 0.0033896730804483396, 0.07151976616651241, 0.04902833327651024, 0.07045550964917399, 0.04811083047056036, 0.3100782334804535, 0.24306407570838928, 0.310585754226225, 0.212056984879385, 0.9984198641496315, 0.9313211306571546, 1700253336058784960, 
-0.05135709047317505, -0.3731079697608948, -0.00975577960165823, 0.0015421918127909732, 0.061678373460388076, 0.01961931586265564, 0.0629830242376526, 0.024485832991630433, 0.3133583962917328, 0.2482336014509201, 0.3147133184517744, 0.21760308154652241, 1.000247531704294, 0.9356429259587878, 1700253336154830453, 
0.027239203453063965, 0.02288079261779785, -0.015335115184190704, 0.0012198127347245783, 0.05114140905664661, 0.022767571732401848, 0.052889291365111536, 0.0230635106510281, 0.3156599998474121, 0.2526642978191376, 0.3183474434706887, 0.22253185146546792, 1.002969746324441, 0.9380620525388635, 1700253336248259275, 
0.21777039766311646, -0.029904484748840332, -0.004726593651660187, 0.0032618725355964854, 0.05517677237876611, 0.06718440353870392, 0.0547174689900629, 0.05961300103608348, 0.3170708417892456, 0.2551388442516327, 0.3214998480146485, 0.22683537663464645, 1.0064324730307959, 0.9411253657079443, 1700253336299820388, 
0.02718806266784668, -0.11143845319747925, 0.0017246668732773607, 0.0018833620172998256, 0.06267030133822443, 0.024717694148421288, 0.061348019126597375, 0.030699638620985167, 0.32193249464035034, 0.263149231672287, 0.324799115596727, 0.23136424353557747, 1.0121489876603873, 0.9464878519584096, 1700253336439812270, 
-0.04734396934509277, 0.21261060237884521, -0.0003322517253118492, 0.002910618016050445, 0.060988137189255436, 0.05118189752101898, 0.06104694913509218, 0.0476783534195865, 0.32586708664894104, 0.2690770924091339, 0.32838198439661226, 0.236337663685255, 1.0169531757040207, 0.9499094556151116, 1700253336554878435, 
0.10536414384841919, -0.13585925102233887, -0.00046938412576409076, 0.0020193891078104692, 0.05493818885675492, 0.0336911678314209, 0.05596352788392425, 0.03608402086442708, 0.32805103063583374, 0.27345868945121765, 0.3318736734949715, 0.24121887800053263, 1.0186375670412007, 0.9544371653863923, 1700253336649796883, 
0.05052059888839722, 0.14056652784347534, 0.001570605621417627, 0.0028756476291768147, 0.0563041814002614, 0.054197557270526886, 0.056279146958922395, 0.051096148121714105, 0.3296049237251282, 0.2758080065250397, 0.33510994457344717, 0.2457882442233051, 1.0213488386231682, 0.958356477829252, 1700253336699797756, 
-0.1906660795211792, -0.05695080757141113, -0.00649400574275304, 0.00047827784716862083, 0.054368916198137426, 0.0, 0.05457274499776168, 0.00876404232897278, 0.3334774971008301, 0.28257954120635986, 0.33833507699899285, 0.25037521440756916, 1.0253512908430287, 0.9625893684403436, 1700253336839808749, 
-0.11524087190628052, -0.005823910236358643, -0.00942610598473083, 0.0022297057152165694, 0.055326899646845375, 0.04709019511938095, 0.05503530052120132, 0.04051410084256044, 0.336894690990448, 0.28805211186408997, 0.34146969942035743, 0.2548780116958916, 1.0303244366421196, 0.9641233360496331, 1700253336954906061, 
0.24782931804656982, -0.0406641960144043, -0.002158012522222378, 0.0018592144105538135, 0.051298394448229624, 0.03485116362571716, 0.05190316050705478, 0.035820832342205934, 0.3392057716846466, 0.29207807779312134, 0.344572296523883, 0.25934997858907327, 1.0334856103021124, 0.9680775457086215, 1700253337049805150, 
0.0997738242149353, -0.12016516923904419, 0.005628591386147416, 0.0016360507557658607, 0.05833422612094799, 0.02702900767326355, 0.05734048959252082, 0.028532207649291822, 0.34065768122673035, 0.2946058511734009, 0.34757012606471743, 0.26370760137847704, 1.0348369493326228, 0.9715086768461174, 1700253337099770802, 
-0.12415295839309692, 0.07127290964126587, -0.004958008981206464, 0.00024401547738490267, 0.04838164420310251, 0.0, 0.0498119124452772, 0.004898737378392675, 0.3450494706630707, 0.3021332919597626, 0.35072525698437385, 0.2683235904907357, 1.0373644715859414, 0.973872433748126, 1700253337259787735, 
0.012818992137908936, -0.04102069139480591, -0.006549147695805076, 0.0010959744601082512, 0.04581656405688552, 0.02751009166240692, 0.046382885696396856, 0.023628854558167114, 0.34724482893943787, 0.3060075044631958, 0.35349313674325805, 0.27239666853525496, 1.0402787089730765, 0.9747502199333787, 1700253337355803892, 
0.1913142204284668, 0.06670242547988892, 0.001906467275154409, 0.0003645547606639897, 0.04810202044475881, 0.004299438092857599, 0.04785193775354806, 0.007618390764895601, 0.3496417701244354, 0.3097439110279083, 0.3561107207386367, 0.2762561868325724, 1.0404969227955911, 0.9767815186072106, 1700253337449801155, 
0.006280183792114258, -0.09103071689605713, 0.003927426419889527, 6.58616000962167e-05, 0.05099271501687878, 0.0, 0.05052682962141739, 0.0013034975792009552, 0.35064807534217834, 0.31206122040748596, 0.35881495975516653, 0.2802602475954301, 1.0404969227955911, 0.9774125721849203, 1700253337498985053, 
-0.16119682788848877, 0.1848546862602234, -0.0015513308866855202, 1.1548432702392355e-05, 0.051428902788653086, -7.265867679961957e-06, 0.05124375407175485, 0.0002253627375976687, 0.35507717728614807, 0.3193568289279938, 0.36165098883104535, 0.2844643304777672, 1.0435227037888657, 0.9775205930493632, 1700253337659802975, 
-0.12241631746292114, -0.1426207423210144, -0.009695591558816658, 0.0017935971627392972, 0.044931877508187515, 0.047199688851833344, 0.045832164957238464, 0.03913402660364677, 0.3569098711013794, 0.32304975390434265, 0.3644653623561117, 0.28863854062209, 1.0459882813920893, 0.9783489523869958, 1700253337755823487, 
0.021230757236480713, -0.14325344562530518, -0.008729803606827274, 0.000540080787049001, 0.04467749169950516, 0.006479264702647924, 0.04472170822177944, 0.012076479377099957, 0.359116792678833, 0.32657644152641296, 0.3670222168496485, 0.2924362630250456, 1.0477161262867671, 0.9817019761450791, 1700253337849801258, 
0.05758082866668701, -0.004249393939971924, -0.004566525508788685, 9.598265297764384e-05, 0.04674493867827349, 0.0, 0.04632736051445148, 0.0020718351296466105, 0.3604186773300171, 0.32852500677108765, 0.3695301526326416, 0.2961893591733642, 1.0477161262862056, 0.9827024214605332, 1700253337899825290, 
-0.10125923156738281, 0.06273674964904785, -0.009475159913758854, 1.567536386930586e-05, 0.04348313226162395, 0.0, 0.043800840342687775, 0.00035787815363051007, 0.3637489676475525, 0.33465835452079773, 0.37208292252430497, 0.3000172042995896, 1.047288114197301, 0.9828741078300118, 1700253338058878661, 
-0.07217949628829956, 0.14454233646392822, -0.010462586150424781, 0.00038654969491930334, 0.04477332031557441, 0.01042186003178358, 0.04442903703221084, 0.00870038426984264, 0.36594152450561523, 0.3382222652435303, 0.37453126440283185, 0.30369056663071836, 1.0481529273089119, 0.9830826742821092, 1700253338154873152, 
-0.054677724838256836, -0.011175274848937988, -0.011296638523497368, 0.0011764224164312052, 0.04451915258468448, 0.030246548354625702, 0.044310771224198506, 0.026549355471130923, 0.3677784204483032, 0.34185341000556946, 0.3770059683521287, 0.30740550120974236, 1.0496670678876159, 0.9843223763850167, 1700253338249821002, 
0.15767812728881836, 0.00531381368637085, -0.006991602353918818, 0.0008214832590831294, 0.04060381957948726, 0.018616581335663795, 0.041119813711219845, 0.019977796223794215, 0.3689507842063904, 0.343523770570755, 0.37942965332653356, 0.31105319463265363, 1.0505988468407914, 0.9868412107362751, 1700253338299873121, 
0.049419105052948, 0.046560823917388916, -0.0016513942610863813, 0.0010165581792985583, 0.045724278619636564, 0.023178353905677795, 0.04491927957364215, 0.0226307765606966, 0.3711038827896118, 0.3471091687679291, 0.3817409254163391, 0.3145511469032474, 1.0520364307833483, 0.9888939352244575, 1700253338395779077, 
-0.20300281047821045, -0.04389423131942749, -0.014807372578979846, 0.0008106109649008033, 0.035148749821510644, 0.02209048718214035, 0.03654442335347883, 0.022181522938810788, 0.374143123626709, 0.352676659822464, 0.38413342526232985, 0.31818682100023676, 1.0555289975640851, 0.9911477086341403, 1700253338554912281, 
0.2709258794784546, -0.018948793411254883, -0.004301307921104334, -0.0005821915234568211, 0.035802210866274595, -0.02418774738907814, 0.03586559280614454, -0.01623259168205019, 0.37583795189857483, 0.3553685247898102, 0.38613174182716226, 0.32123888557329733, 1.0543412726745909, 0.9925702799120057, 1700253338648931694, 
-0.04957008361816406, -0.007009625434875488, -0.0020855692432387245, 0.0004470045279284638, 0.04144729927235001, 0.016696719452738762, 0.04046489508456145, 0.011046724005939885, 0.37674638628959656, 0.35727664828300476, 0.3881452158365073, 0.32432494398449463, 1.0551903261613549, 0.9915119930983264, 1700253338699787658, 
0.03580522537231445, 0.061714768409729004, -0.005463050201895298, 6.440322808636986e-05, 0.0328181335124029, -5.367444373405306e-06, 0.03402284846402749, 0.0018929405089189895, 0.37933602929115295, 0.36176958680152893, 0.39029471257699727, 0.32761033851036814, 1.057967327009014, 0.9924270846059314, 1700253338839808324, 
-0.07862907648086548, 0.0516507625579834, -0.00522443451686949, 0.0004216558261105578, 0.03791361733269086, 0.013302050530910492, 0.037163386848790045, 0.011346001047379942, 0.38154417276382446, 0.36555665731430054, 0.3921954919971042, 0.33052217211867096, 1.0593414576723736, 0.9928121576700237, 1700253338956738720, 
-0.07267618179321289, -0.02939474582672119, -0.009776943286866981, 1.5003289087970735e-05, 0.0331936419454608, -0.0018112987745553255, 0.03369760994585841, 0.000445233033205511, 0.3829350769519806, 0.36841723322868347, 0.39419856842127465, 0.3335924440646758, 1.0592488849824513, 0.993720995713048, 1700253339049817208, 
0.15230345726013184, -0.05644029378890991, -0.005345720286912325, 2.114543398763273e-06, 0.03072468418541331, -8.351109499926679e-06, 0.031143841831282822, 6.789603576265576e-05, 0.38373929262161255, 0.36972615122795105, 0.3960140609843542, 0.33638144481390747, 1.0592484777658056, 0.9937577041376022, 1700253339099778540, 
-0.007136285305023193, 0.03946715593338013, -0.000905032397585926, 6.661372600567287e-07, 0.03772280731369493, 6.683238098048605e-06, 0.03659303518958365, 1.8203935710868477e-05, 0.3865543007850647, 0.3741801381111145, 0.3977746304014012, 0.3390863033900249, 1.0596179301289834, 0.9937634645842246, 1700253339239817863, 
-0.09501171112060547, -0.09785616397857666, -0.0037278993675654046, -0.00012110400880943673, 0.0372660976425651, -0.003942057490348816, 0.037085368947076626, -0.0032655468247399797, 0.38844773173332214, 0.37796807289123535, 0.39978087644002336, 0.34216819760319334, 1.0594792057984355, 0.9936972763274218, 1700253339355854163, 
0.09517031908035278, -0.01053309440612793, -0.0035032543468983546, 0.0006317052285267005, 0.0315791219783117, 0.024171002209186554, 0.03245624487628707, 0.019463287602572658, 0.3899906873703003, 0.3804795444011688, 0.40175608683285396, 0.34520282136931896, 1.0606889520395992, 0.9938414507069245, 1700253339449824194, 
0.009579181671142578, 0.035314857959747314, -0.002063161719509941, 0.0001118220690324661, 0.03365389998016186, 7.156439096434042e-06, 0.03341715455667353, 0.0033462474742672194, 0.39078453183174133, 0.38196250796318054, 0.40353961277982836, 0.34794285772628314, 1.060689388968282, 0.9954539850273714, 1700253339499797074, 
-0.07651668787002563, -0.04353147745132446, -0.0023724271470329543, 2.104081395712617e-05, 0.03685421191186603, 9.48184333537938e-06, 0.036228891433798836, 0.0005807744351100036, 0.39322927594184875, 0.38670530915260315, 0.40539197809783517, 0.35079899926050695, 1.062578736024891, 0.9957313349812177, 1700253339638918579, 
-0.07683795690536499, -0.059629738330841064, -0.008467076285166252, 0.00019264055598556412, 0.030497422800118988, 0.007305995561182499, 0.03132196848588167, 0.006150333625180569, 0.39512550830841064, 0.3895612061023712, 0.40731759529351497, 0.3537699668392576, 1.0629097997544514, 0.9959047616716491, 1700253339754927122, 
0.15123862028121948, 0.05827653408050537, -0.0017097646494901803, 3.3382066590457134e-05, 0.03228554160589923, -2.0271341782063246e-05, 0.03209973205888932, 0.0010399484497009281, 0.39672499895095825, 0.39203882217407227, 0.4090308017999519, 0.35641431024868225, 1.0629090889733956, 0.9964139556115156, 1700253339849820133, 
0.15113186836242676, -0.004700839519500732, 0.004897255131365853, 6.0033548772749195e-06, 0.03388292376703817, 0.0, 0.033669633769742476, 0.00017830175755193065, 0.397449791431427, 0.393547385931015, 0.4107863503917725, 0.3591271246783562, 1.0629090889733956, 0.9965001051856059, 1700253339899126199, 
0.030533432960510254, 0.00832664966583252, 0.0033049634494036867, 9.513095921256936e-07, 0.03022164157127327, 0.0, 0.030862635251239126, 3.0823991029330485e-05, 0.39957287907600403, 0.39755693078041077, 0.4125806336123758, 0.36190011201602507, 1.064599069732381, 0.9965148810014797, 1700253340039845282, 
-0.04718202352523804, 0.017067253589630127, 0.0017116777836118288, 0.0004198713255805463, 0.03147821972312833, 0.016133643686771393, 0.031401024382607494, 0.013371262047524349, 0.40144050121307373, 0.40048375725746155, 0.41426124819465626, 0.36449785444539584, 1.0661982211606797, 0.9967942526554263, 1700253340154937917, 
-0.08664727210998535, 0.03852713108062744, -0.003661236527443634, 9.826662436581496e-05, 0.027988415700827943, 0.001391337951645255, 0.028501513568253364, 0.0034477686292165906, 0.40260979533195496, 0.40289410948753357, 0.4159386437179682, 0.3670915584743682, 1.066267774897352, 0.997925856751626, 1700253340249831916, 
-0.11041897535324097, -0.01733452081680298, -0.006185625281184421, 1.755521976725936e-05, 0.030072524492948147, 0.0, 0.029697537983420307, 0.0005911338433866194, 0.4032596945762634, 0.40425172448158264, 0.41750393978065153, 0.3695181477762074, 1.066267774897352, 0.9982114708099725, 1700253340299798396, 
-0.03026491403579712, 0.009877800941467285, -0.006436953189131053, -0.00015228200523909172, 0.030018245749331988, -0.0062800501473248005, 0.029853980570185023, -0.005100894498175388, 0.40469735860824585, 0.4067576825618744, 0.419121935130014, 0.37202800185376195, 1.0665940147504587, 0.9981526985105218, 1700253340395275207, 
-0.09460967779159546, 0.04190993309020996, -0.009126940752862155, -0.00015484764508122566, 0.029854651410046614, -0.005239109508693218, 0.029696412799253728, -0.005214355219534023, 0.40715810656547546, 0.4108675420284271, 0.42074817605569903, 0.3745504102346518, 1.0671077785479437, 0.9976402592122322, 1700253340554926437, 
0.020287156105041504, 0.10450732707977295, -0.007573414357171005, 0.0002425139374367246, 0.029605790838086277, 0.01100240834057331, 0.029493524848514766, 0.008222616275346184, 0.4083555340766907, 0.4132533371448517, 0.42236447525875753, 0.3770549713787582, 1.0676595388212438, 0.9973971122730245, 1700253340649843751, 
0.03111034631729126, -0.02829355001449585, -0.0060238765935300385, 4.1028733848884906e-05, 0.029037234479696958, 4.860907665715786e-06, 0.029013764167222643, 0.0014141127505005293, 0.4090016782283783, 0.4145233929157257, 0.4239657959403342, 0.37953452067937754, 1.0676598211022548, 0.9980783652831802, 1700253340698891912, 
0.10318905115127563, -0.043547868728637695, -0.002046395841154438, 0.00019342684857241282, 0.028633309749845966, 0.007853139191865921, 0.02866718845121364, 0.006747325392638007, 0.4103633165359497, 0.41682887077331543, 0.4255361866032389, 0.38197012645531464, 1.0682744749043176, 0.9983302309270001, 1700253340795661289, 
-0.12670761346817017, 0.03272891044616699, -0.00593416411483901, -0.0004231697380718441, 0.029239443497697064, -0.01898982748389244, 0.029037445555913647, -0.01457324258282296, 0.4128694236278534, 0.42089834809303284, 0.4271003047412693, 0.3843966388467888, 1.0676806112456962, 0.9985634003631871, 1700253340955042613, 
0.08003783226013184, -0.043615102767944336, -0.002969572646445307, 0.00018623277737418996, 0.0283551097355449, 0.010928348638117313, 0.028424183923455238, 0.006551912901904398, 0.4140928387641907, 0.4232932925224304, 0.4286687704901486, 0.38683219846852956, 1.0682368704023084, 0.9975435920926431, 1700253341049841725, 
-0.010914027690887451, -0.025798141956329346, -0.0032619774257860866, 3.157607785950317e-05, 0.028106404599439406, 0.0, 0.028104536168199953, 0.0011235224687760987, 0.4147290587425232, 0.42454618215560913, 0.4302105552516059, 0.38922033747269386, 1.0682368704023084, 0.9980863578162712, 1700253341099809874, 
0.015482842922210693, 0.07371652126312256, -0.0011414091242084798, 0.0003539650132745215, 0.030087521274434443, 0.014135558158159256, 0.029733080778971074, 0.011904754031572325, 0.4162029027938843, 0.42694517970085144, 0.4317526687214259, 0.39161221260497336, 1.068925482357881, 0.9984219965220785, 1700253341194890367, 
-0.006280720233917236, 0.05530959367752075, 0.00043882187160170535, 0.0006494166032853913, 0.032399502972905, 0.02206418290734291, 0.03195563007471422, 0.02032244714834336, 0.4185950756072998, 0.43113458156585693, 0.4333870830216918, 0.3941490547927013, 1.0702362565029087, 0.9997868079381923, 1700253341354944232, 
0.006495833396911621, -0.0008023977279663086, -0.001852068213650811, 0.0005243483546988567, 0.028044894854944824, 0.017863281071186066, 0.028676150457629564, 0.018285172393470574, 0.4197690784931183, 0.4333978295326233, 0.43508013075059854, 0.39678453136031827, 1.0711296501056833, 1.0017768593591354, 1700253341449856572, 
0.012674152851104736, -0.04223567247390747, -0.0002199804809894729, 9.405825497408164e-05, 0.030263522945338198, 0.0, 0.029990829091947713, 0.0031362339028945183, 0.42045584321022034, 0.43471354246139526, 0.43664002561121174, 0.3992231039828279, 1.0711296501056833, 1.003291632060203, 1700253341498889679, 
0.04227626323699951, 0.014560818672180176, 0.0022166936458455893, 1.6826553620768235e-05, 0.03145928731857908, 0.0, 0.03124975292604772, 0.0005384539730790235, 0.4227115511894226, 0.4384923577308655, 0.43826339654791285, 0.4017697320724959, 1.0720650064211448, 1.0035514536948038, 1700253341638920744, 
0.15875089168548584, -0.011889994144439697, 0.006421199748745166, 0.0008855710950412012, 0.0294258485393082, 0.03570117428898811, 0.02984949748329028, 0.02966787281886213, 0.42421436309814453, 0.4414557218551636, 0.4399193482168293, 0.40436979122744177, 1.0736694748409155, 1.0042085886581449, 1700253341753954077, 
-0.04196244478225708, -0.016527414321899414, 0.004201512208467893, 0.0005750478265845674, 0.029671073661662446, 0.017172833904623985, 0.02977020329190255, 0.019316221019591743, 0.42544806003570557, 0.44381821155548096, 0.4415163226291264, 0.40687981394727823, 1.0745254070335257, 1.006960986386921, 1700253341848866942, 
0.06119704246520996, -0.018426835536956787, 0.003453478671624683, 8.80488704915671e-05, 0.025846266824612097, 0.0, 0.02657128834202614, 0.003313684656844649, 0.42609694600105286, 0.4449641704559326, 0.4430687273654341, 0.4093346172342435, 1.0745254070335257, 1.0085611854107308, 1700253341899810069, 
0.07025575637817383, -0.03831428289413452, 0.008205067795504438, 1.7118509466826437e-05, 0.03071489204955742, 0.0, 0.030154442859965956, 0.0005676944371455638, 0.4282451272010803, 0.4487839937210083, 0.4445150303720878, 0.4116301461147241, 1.0750660100840157, 1.0088356825683304, 1700253342038905726, 
0.022443771362304688, 0.025207877159118652, 0.007301569333990703, 0.0002929775504540325, 0.028757675779940324, 0.012027055025100708, 0.029118497026797825, 0.010061561562892635, 0.4299045205116272, 0.45183736085891724, 0.44610248234455563, 0.4141513765472324, 1.0764784474443883, 1.0090890763192264, 1700253342155858241, 
-0.009220480918884277, -0.053079307079315186, 0.003309780428916535, -0.0003298404194012957, 0.02446092971182191, -0.01781652867794037, 0.025304845353465066, -0.013034674379313275, 0.4310210347175598, 0.4539244771003723, 0.4476087428623179, 0.41654415678370443, 1.0755689200585639, 1.009616894126182, 1700253342250855960, 
-0.015853166580200195, 0.002537965774536133, 0.0052169670400387365, -6.497216783149631e-05, 0.029711733209704726, 0.0, 0.029052884225664596, -0.0022363414016602703, 0.4317978024482727, 0.45512697100639343, 0.4489903676321089, 0.41874239017367937, 1.0755689200585639, 1.0085370673101948, 1700253342298890085, 
-0.01832062005996704, -0.05118280649185181, 0.004141347121652487, -1.1251121659995847e-05, 0.029181692216391556, 0.0, 0.029229222924159474, -0.00038492715626374757, 0.43389692902565, 0.4588572084903717, 0.4505366375480066, 0.4211964115121026, 1.0764200225340113, 1.0083517771903934, 1700253342439859160, 
0.06296348571777344, 0.0004302859306335449, 0.004631241468182111, -0.0004661089075583866, 0.027152885399129856, -0.020316818729043007, 0.027585266226072554, -0.01689702407576687, 0.4353381097316742, 0.46150675415992737, 0.45207242059906133, 0.4236323818261177, 1.075225339525167, 1.007971307983816, 1700253342554040662, 
-0.12073349952697754, 0.049180567264556885, 0.0003704065505322797, -0.0002488461954347781, 0.028276117352272156, -0.007168950513005257, 0.02815991454589383, -0.008836894551978102, 0.43670928478240967, 0.4639158248901367, 0.4535504071593918, 0.4259752018884521, 1.074866515214422, 1.0064485362024997, 1700253342649857537, 
0.046205103397369385, 0.012411952018737793, 0.0013082642086876752, -4.143255021551721e-05, 0.027134885946630615, 0.0, 0.0273323204691527, -0.0015158811803878142, 0.43735837936401367, 0.4651062488555908, 0.4550459435336323, 0.4283378937256043, 1.074866515214422, 1.0057164697924175, 1700253342699825773, 
0.0369112491607666, 0.07824152708053589, 0.003175241189305541, -7.311392012300434e-06, 0.028436450996652575, 0.0, 0.028304466150496057, -0.0002583123092103363, 0.4392511248588562, 0.4687981605529785, 0.4565165876268801, 0.4306573811115576, 1.0757164731441828, 1.0055909267652563, 1700253342839830953, 
0.011447906494140625, 0.04579836130142212, 0.0028506825519742643, -0.00010459289364471394, 0.027650270992773535, -0.004487760830670595, 0.027809672377070174, -0.003761025740488536, 0.4408666789531708, 0.47167980670928955, 0.4580240432600026, 0.43303414729253514, 1.0770753004962057, 1.0054925520094153, 1700253342954986026, 
0.06993705034255981, -0.022960424423217773, 0.006331493018485908, -0.0002396285167143217, 0.02986979278962768, -0.008982510305941105, 0.02963070572169935, -0.008087168728446295, 0.442213237285614, 0.47411537170410156, 0.45952658359059984, 0.4354026383674728, 1.076625891285207, 1.0050268521418149, 1700253343048986642, 
-0.0013326406478881836, 0.0198553204536438, 0.005991712704688547, -4.184078648240704e-05, 0.03015263769708314, 0.0, 0.030165295979581064, -0.001387050420812351, 0.4429370164871216, 0.4754343628883362, 0.4611142253135444, 0.43790295550165187, 1.076625891285207, 1.0043568991703773, 1700253343098882162, 
-0.10420483350753784, -0.007745325565338135, 0.0022818218764286773, 0.0006833507741255695, 0.031019833842185988, 0.026974324136972427, 0.030909561435343857, 0.022108070849047538, 0.4443771243095398, 0.4781353771686554, 0.46273864586107877, 0.4404578264366995, 1.0786423779700405, 1.004704793666464, 1700253343195783641, 
0.07935047149658203, 0.038121581077575684, 0.0034418036453190835, -0.0003919615882318073, 0.02869226666232062, -0.020822392776608467, 0.0291297782274218, -0.013455701075775022, 0.44628775119781494, 0.48183780908584595, 0.46437341686061345, 0.44302949936744823, 1.0774867864874271, 1.0061790514815703, 1700253343355035799, 
-0.022839725017547607, 0.04710853099822998, 0.0044478264661444765, 0.00011909579476629303, 0.03252209501341996, 0.007274950388818979, 0.03202130300252897, 0.0037192675999751512, 0.4478294849395752, 0.4845183193683624, 0.46595871875544775, 0.4455327270601549, 1.0778562257434592, 1.0051891863110292, 1700253343449862524, 
-0.07668459415435791, 0.0747840404510498, 0.0002376456505207604, 1.959229686241798e-05, 0.030318082605022275, 0.0, 0.030607755702723016, 0.0006401089009173892, 0.4485825300216675, 0.48583343625068665, 0.46765936139239356, 0.44821171085399414, 1.0778562257434592, 1.005497341646578, 1700253343499829512, 
-0.09956049919128418, 0.048550963401794434, -0.003507686205991606, 0.0003315685734837475, 0.03025383942868607, 0.013096719048917294, 0.030250606174218323, 0.010960724938012428, 0.4500049948692322, 0.4884682595729828, 0.4692989833666894, 0.45079666440613286, 1.0789688424104225, 1.0057750993122405, 1700253343596497083, 
-0.008715987205505371, 0.01875936985015869, -0.0019045904064406813, 0.0008406024199573142, 0.032720798899064, 0.029173297807574272, 0.0322700905607377, 0.02604896377266621, 0.452171266078949, 0.49254128336906433, 0.470942680534908, 0.4533897489981934, 1.0809694127581562, 1.0071836592098236, 1700253343755995897, 
0.024632751941680908, -0.04776090383529663, 0.0009508870898415553, 0.0013703468836003207, 0.03511854499729655, 0.042342718690633774, 0.03465211270373152, 0.039545839392723506, 0.453470379114151, 0.4952200651168823, 0.47269138493368146, 0.4561570572187918, 1.0830448458324378, 1.0100680848017272, 1700253343848867086, 
-0.11665010452270508, 0.014770805835723877, -0.004997437254274665, 0.0006099599933756992, 0.03187725917833673, 0.014633789658546448, 0.032258626847208476, 0.018908430177910145, 0.45414915680885315, 0.49669983983039856, 0.47451422398807863, 0.4590592086919567, 1.0837914942301619, 1.0135952544035096, 1700253343899853942, 
0.2181473970413208, 0.04726976156234741, -0.0011693812048580222, 8.622758306093314e-05, 0.025421309205352696, 0.0, 0.026568861043976644, 0.003245437691823134, 0.4560011029243469, 0.5001077651977539, 0.4761595461312961, 0.4616997514319688, 1.08505057266234, 1.0151617066644738, 1700253344038941867, 
0.11002129316329956, 0.01712888479232788, 0.009151611462956288, 0.0015304000961757229, 0.03658372141241413, 0.05203879624605179, 0.035046638261263405, 0.04366752910127915, 0.457840234041214, 0.503679096698761, 0.4776415824698715, 0.46408785540915054, 1.088656323652202, 1.0163234184909962, 1700253344154878346, 
0.030200958251953125, -0.07887983322143555, 0.011179453141264572, 0.001420881103506849, 0.038000220667467034, 0.03646928444504738, 0.037687178405780314, 0.03770197620549168, 0.4593622088432312, 0.5067777037620544, 0.47950311775818094, 0.467093729267056, 1.0917868549065919, 1.0205666208320667, 1700253344248881693, 
-0.08722186088562012, 0.06694626808166504, 0.004173325398182464, 0.000783597877584817, 0.033196954659643625, 0.019987642765045166, 0.034026555308539236, 0.023029009856550684, 0.46024075150489807, 0.5082278251647949, 0.4814307524072045, 0.4702355234341307, 1.0928054984929223, 1.0240329317658852, 1700253344299845348, 
-0.030856311321258545, 0.03983354568481445, 0.000997596240474748, 0.0015568946296866265, 0.03137079910650669, 0.054259344935417175, 0.031836940701637485, 0.048902143088344854, 0.4619976282119751, 0.5121673345565796, 0.48317540941575154, 0.47310253742895836, 1.1002197429138358, 1.0268716823214374, 1700253344438869012, 
-0.10791802406311035, -0.0020149946212768555, -0.00841531855011037, -0.0002320709675112168, 0.0231129954609163, -0.021588195115327835, 0.024443964041305583, -0.009493998891467098, 0.4633989930152893, 0.51481032371521, 0.48475496071941077, 0.47571234762962145, 1.1008166897499416, 1.0305524742769951, 1700253344556016547, 
0.2738417387008667, -0.17161184549331665, -0.01586936177755902, -0.00017004733859161652, -0.0038365474915688378, -0.2925361692905426, 0.0006969805572906683, -0.24397716236537728, 0.46358224749565125, 0.5148107409477234, 0.48578134940149065, 0.4774186376301573, 1.0785033636303256, 1.0247467739790366, 1700253344648871280, 
-0.1893402338027954, 0.02061164379119873, -0.020331765123578552, -0.00031291655307866256, 0.0016932554614095228, -0.2725094258785248, 0.0011692829729070613, -0.267614050943282, 0.4636341631412506, 0.5148808360099792, 0.48584456950478194, 0.4775224933034448, 1.0646117072490817, 0.9998595220288815, 1700253344699843847, 
-0.005004823207855225, 0.07608991861343384, -0.028009168983685873, 0.0018314964869807337, -0.013821614939463798, -0.13237152993679047, -0.011772403583139664, -0.15557540769361555, 0.46307963132858276, 0.5143399834632874, 0.4857964988982266, 0.47744649692726465, 1.0467114495495837, 0.9754185129145798, 1700253344796469115, 
0.008772552013397217, 0.032108306884765625, -0.02645213138357574, 0.0018512239514908522, -0.014150406609933854, -0.1251671314239502, -0.014198172798881643, -0.13038466130209858, 0.4615747928619385, 0.512018084526062, 0.4851388479518983, 0.47647527872685974, 1.0287677399842172, 0.960382689577788, 1700253344956074163, 
-0.026939034461975098, 0.06526744365692139, -0.023570317648228322, 0.0014429570098675264, -0.012256145352011099, -0.10707037150859833, -0.012991276928781256, -0.11107122246549583, 0.4609828293323517, 0.511001467704773, 0.48436679725368614, 0.4753713276275506, 1.0186532647352733, 0.9477442177302189, 1700253345048884732, 
0.049611449241638184, 0.12482970952987671, -0.021745206661025876, 0.0022133602896412005, -0.016513018648870732, -0.14097341895103455, -0.0162933575002586, -0.13584433347185018, 0.46057936549186707, 0.510277509689331, 0.48359521384625404, 0.47429730253385516, 1.0115842427467432, 0.9361240276688249, 1700253345099027186, 
0.020882844924926758, -0.034820735454559326, -0.018586638314340695, 0.002347502338712606, -0.01584949031144501, -0.14642219245433807, -0.016233690675774876, -0.14460681711865586, 0.4597620368003845, 0.5089686512947083, 0.48265244487478337, 0.47301646369098327, 0.9974968770428618, 0.9223581173157565, 1700253345196545938, 
0.12992185354232788, 0.03380221128463745, -0.008725375997088745, 0.0012598413349850577, -0.01075284069218556, -0.09863117337226868, -0.011827298640872187, -0.10651978725144905, 0.4583781957626343, 0.5071948766708374, 0.4817377354962111, 0.47180708327966175, 0.9773160828924873, 0.908686243443583, 1700253345356127358, 
0.26761817932128906, -0.1462334394454956, 0.015678010851313994, 0.0019842833510775393, 0.010495518039502216, 0.36409667134284973, 0.007002866205923615, 0.283353028992481, 0.4585833251476288, 0.5077851414680481, 0.4812302255376333, 0.47114802145844453, 0.9989131212563253, 0.9061087925842333, 1700253345448890762, 
-0.2811702489852905, 0.44040924310684204, 0.015295886151872641, 0.003809724426449539, 0.02431711310560212, 0.1528995782136917, 0.021734535189880756, 0.17528437544978115, 0.4593311846256256, 0.5087514519691467, 0.48182913807931205, 0.47191215719533064, 1.006566464915583, 0.9322059203591488, 1700253345498950616, 
0.022210538387298584, -0.10156995058059692, 0.0073251780197074925, 0.0010385146414036899, 0.010308300131370088, 0.06517858058214188, 0.012353281480821739, 0.08406791693494287, 0.4601781666278839, 0.5098083019256592, 0.4830009749035128, 0.4734922093112798, 1.011430641824178, 0.9478452036467284, 1700253345596701030, 
0.07100480794906616, -0.25187379121780396, 0.012312609024677814, 0.002252152227931283, 0.017451081504403068, 0.14459767937660217, 0.016780831069719122, 0.13420981467331938, 0.4611842930316925, 0.5113658308982849, 0.4837596866128719, 0.4745481138604641, 1.0284636378568854, 0.9572904674876277, 1700253345709894790, 
0.011125445365905762, 0.07314252853393555, 0.008261004441741313, 0.0013312125217524184, 0.01166871039255307, 0.09890611469745636, 0.012682529905930037, 0.10496427224113829, 0.46195143461227417, 0.5123682618141174, 0.48466793715378165, 0.4758381133993086, 1.0384055027505943, 0.9701057541719857, 1700253345799052253, 
-0.046718060970306396, 0.07076096534729004, 0.007438681138904893, 0.0018802873833202564, 0.015253521610281255, 0.1301010102033615, 0.014947953353184502, 0.125788951764402, 0.4626880884170532, 0.5135785341262817, 0.48540242274190637, 0.47691017237228794, 1.0506367864601274, 0.9810334744775185, 1700253345898873744, 
-0.07472527027130127, 0.10157465934753418, 0.004110881330649194, 0.001837786504511918, 0.0149825366127736, 0.12131371349096298, 0.015053609798715704, 0.12208277809012351, 0.4637605845928192, 0.5154767036437988, 0.4862306142614284, 0.47814752124858656, 1.0688318123183063, 0.9935356123015817, 1700253346038974778, 
-0.0011769533157348633, -0.024110615253448486, 0.004518063275390499, 0.0018032343887200008, 0.016404459762130057, 0.10867216438055038, 0.01624934565948479, 0.110972738626398, 0.46453526616096497, 0.5168241858482361, 0.48706049887048997, 0.47942164207025634, 1.0808115912916132, 1.005513793678205, 1700253346139071545, 
0.05641895532608032, -0.11683070659637451, 0.01744660272816833, 0.0009250103282314173, 0.034255116419644877, 0.012475213967263699, 0.03149173373823861, 0.029373115367993544, 0.46634772419929504, 0.5196251273155212, 0.48807842386664974, 0.48102593667950044, 1.0845693631682773, 1.0149210839022338, 1700253346248887397, 
-0.24673306941986084, -0.19375848770141602, -0.0006977996024752041, -0.0016908331616190988, 0.019242847222545593, -0.10193970799446106, 0.021291113797927363, -0.07941496991029644, 0.46667489409446716, 0.520561695098877, 0.489633922352161, 0.48352513766298294, 1.0793719411612446, 1.0156053212304916, 1700253346299862552, 
-0.23064899444580078, -0.012869596481323242, -0.0069803961625364425, -0.0004752442452423901, 0.02405774479824717, -0.008002416230738163, 0.023462952578779277, -0.02025509123997539, 0.4675368070602417, 0.5217369794845581, 0.49078750736776716, 0.4853851154240535, 1.0715264744866746, 1.0088890644939423, 1700253346396544450, 
0.15297502279281616, 0.0587230920791626, 0.0020305935768406107, -0.0008516168456364503, 0.028122639847564496, -0.03336164355278015, 0.027372830129866688, -0.031111757227735293, 0.4701978862285614, 0.5266552567481995, 0.49207706984314414, 0.4874342894822383, 1.0700235204688078, 1.006638706677544, 1700253346555920741, 
0.2464645504951477, -0.301055908203125, -0.006361264712751759, -0.0014075295603656025, 0.0007469841709393014, -0.3224284052848816, 0.005166136360705471, -0.2724530407426944, 0.47049251198768616, 0.526968777179718, 0.49330786806436594, 0.48937283932842757, 1.0458255184224425, 0.9985291913720993, 1700253346648886654, 
0.0009421706199645996, -0.010805666446685791, -0.0036480065304557497, -0.002584704481370925, 0.008408089225212363, -0.34360918402671814, 0.007799331912840117, -0.3314007546102379, 0.4707645773887634, 0.5272970795631409, 0.4936207682228438, 0.48985848849721336, 1.028641672646232, 0.9700630409615744, 1700253346698891987, 
-0.07138669490814209, -0.06550109386444092, -0.009369297992758773, -0.0008856051083160703, 0.002135231352916056, -0.2935957610607147, 0.0029512055330831065, -0.3000824911679005, 0.4709433317184448, 0.5277423858642578, 0.49401684169876897, 0.4904362493600643, 0.9981249888671948, 0.9375715877738077, 1700253346796566925, 
-0.009985804557800293, 0.07673466205596924, -0.012903955307513346, 0.0006095266520528806, -0.0035118700316243106, -0.2150188684463501, -0.002654579102780806, -0.229613294030067, 0.47023510932922363, 0.5274111032485962, 0.49413950717633925, 0.4906031505923371, 0.9617029359525415, 0.9090228032236781, 1700253346956038493, 
-0.3905894160270691, 0.11081671714782715, -0.03140588770174163, 0.0014643916892718867, -0.012185058417132896, -0.11115584522485733, -0.011137738099759379, -0.13148016914704824, 0.4700164496898651, 0.5269266963005066, 0.4939090373339798, 0.49031016114924036, 0.9569371685723587, 0.8880938771899943, 1700253346998910291, 
0.36236321926116943, 0.06490862369537354, -0.03339573799776724, 0.0007908761620407843, -0.03926506256496069, 0.0, -0.035058124652375504, -0.022558997946491563, 0.4681389033794403, 0.5245237946510315, 0.49294176710476617, 0.4891179364295384, 0.9531482593987766, 0.8772016916701397, 1700253347099855626, 
-0.2859905958175659, 0.09716707468032837, -0.02641519900721424, -0.0018215604621098678, -0.013351995883414194, 0.1304113268852234, -0.01748762492904262, 0.1041628276853483, 0.46680253744125366, 0.5227580070495605, 0.4909664019631417, 0.48673865625071916, 0.962643844107865, 0.8775702861360083, 1700253347196332603, 
-0.3333170413970947, 0.06113100051879883, -0.03702693707465169, -0.002613022051129426, -0.01986608237856081, 0.13538050651550293, -0.02009654044825115, 0.13002347632210587, 0.46572843194007874, 0.5213783979415894, 0.48986294209514386, 0.4854125750376421, 0.9854709766616582, 0.8885221600057406, 1700253347355895481, 
0.5924344658851624, -0.03102123737335205, 0.0019356785481540809, -0.00032384439800569914, 0.002815388904158095, 0.35944226384162903, -0.0010117586765485478, 0.32008067290358433, 0.4655841290950775, 0.5211811065673828, 0.488842547511372, 0.4841452423008155, 1.0183403851445036, 0.9054607200913491, 1700253347448898901, 
0.1295728087425232, -0.08497899770736694, 0.011640123566098172, 0.0016808256594082575, 0.00745498218036352, 0.2609714865684509, 0.0061997214436755495, 0.2711130934959826, 0.4659489095211029, 0.5213944911956787, 0.4888567275549753, 0.48416156971778734, 1.0313995126774524, 0.9364546362527132, 1700253347498942126, 
0.08273559808731079, 0.05914413928985596, 0.006156322180783414, -0.0007395825264820865, -0.0052597805023312265, 0.2229984998703003, -0.0031981398264225736, 0.23125396843870347, 0.4658844470977783, 0.5212059617042542, 0.48910198852718867, 0.4844969211407793, 1.0500556409939121, 0.9627404360164367, 1700253347594991752, 
0.06516772508621216, -0.033740222454071045, 0.015074279814424846, 0.002182606913059105, 0.008236932521069853, 0.3542883098125458, 0.006550852876389261, 0.3331790461858346, 0.4661923944950104, 0.5217794179916382, 0.48901562640161206, 0.48437181475053764, 1.0877408253470076, 0.9879767700583256, 1700253347709911642, 
0.10863804817199707, -0.13955235481262207, 0.02709181194127607, 0.0017147996113676014, 0.02189619765156889, 0.035967521369457245, 0.01971936746429836, 0.08696017326479777, 0.4675414264202118, 0.5238359570503235, 0.4894937629577236, 0.48509622489226173, 1.1110492164004409, 1.016195314995894, 1700253347849049199, 
-0.14895528554916382, 0.04829049110412598, 0.02827026145828841, 0.0004789961842048632, 0.03405541432801148, 0.0, 0.03210263865468654, 0.014920773004275661, 0.4682501554489136, 0.5253833532333374, 0.4906363790465331, 0.4869382116907178, 1.1110492164004409, 1.0233993472525094, 1700253347899003122, 
-0.1860465407371521, 0.07478541135787964, 0.026850551431738076, -0.0012797551081529823, 0.044579353220133226, -0.03909056633710861, 0.04291358854757393, -0.029821675405547775, 0.4702583849430084, 0.5290307998657227, 0.4923948173955107, 0.4898212017104815, 1.1101153651269522, 1.0239647781156402, 1700253347996478450, 
-0.19080859422683716, -0.03024071455001831, -0.006054409013243722, -0.0007530316710094134, 0.005702373559809303, -0.07023857533931732, 0.011895268703174262, -0.06330514171642598, 0.4713735282421112, 0.5311962366104126, 0.4943083619371444, 0.49295509714921143, 1.09404660529813, 1.0202891462152157, 1700253348156394201, 
